{"cameraMode":{"drawMode":0,"name":"Shaded","section":"Shading Mode"},"sceneLighting":false,"audioPlay":false,"sceneViewState":{"m_AlwaysRefresh":false,"showFog":true,"showSkybox":false,"showFlares":true,"showImageEffects":true,"showParticleSystems":true,"showVisualEffectGraphs":true,"m_FxEnabled":true},"in2DMode":false,"pivot":{"x":13.889775276184082,"y":2.4563467502593996,"z":6.3187479972839359},"rotation":{"x":0.05250987410545349,"y":-0.5568792223930359,"z":-0.03426885977387428,"w":-0.8286707401275635},"size":8.403027534484864,"orthographic":false}