{"cameraMode":{"drawMode":0,"name":"Shaded","section":"Shading Mode"},"sceneLighting":false,"audioPlay":false,"sceneViewState":{"m_AlwaysRefresh":false,"showFog":true,"showSkybox":false,"showFlares":true,"showImageEffects":true,"showParticleSystems":true,"showVisualEffectGraphs":true,"m_FxEnabled":true},"in2DMode":false,"pivot":{"x":29.866174697875978,"y":4.349992752075195,"z":47.470001220703128},"rotation":{"x":-0.029021773487329484,"y":-0.9677468538284302,"z":0.13784824311733247,"w":-0.21061408519744874},"size":10.901582717895508,"orthographic":false}