{"cameraMode":{"drawMode":0,"name":"Shaded","section":"Shading Mode"},"sceneLighting":false,"audioPlay":false,"sceneViewState":{"m_AlwaysRefresh":false,"showFog":true,"showSkybox":false,"showFlares":true,"showImageEffects":true,"showParticleSystems":true,"showVisualEffectGraphs":true,"m_FxEnabled":true},"in2DMode":false,"pivot":{"x":27.139999389648439,"y":0.30000001192092898,"z":28.114999771118165},"rotation":{"x":-0.03874802216887474,"y":0.7997888922691345,"z":-0.05189701169729233,"w":-0.5968256592750549},"size":0.17320550978183747,"orthographic":false}