{"cameraMode":{"drawMode":0,"name":"Shaded","section":"Shading Mode"},"sceneLighting":false,"audioPlay":false,"sceneViewState":{"m_AlwaysRefresh":false,"showFog":true,"showSkybox":false,"showFlares":true,"showImageEffects":true,"showParticleSystems":true,"showVisualEffectGraphs":true,"m_FxEnabled":true},"in2DMode":false,"pivot":{"x":-11.345159530639649,"y":-0.21395590901374818,"z":-2.016397476196289},"rotation":{"x":0.016608750447630883,"y":-0.7565767765045166,"z":0.017751969397068025,"w":0.6540175676345825},"size":6.657559394836426,"orthographic":false}