{"cameraMode":{"drawMode":0,"name":"Shaded","section":"Shading Mode"},"sceneLighting":true,"audioPlay":false,"sceneViewState":{"m_AlwaysRefresh":false,"showFog":true,"showSkybox":true,"showFlares":true,"showImageEffects":true,"showParticleSystems":true,"showVisualEffectGraphs":true,"m_FxEnabled":true},"in2DMode":false,"pivot":{"x":21.588260650634767,"y":1.5319701433181763,"z":33.53216552734375},"rotation":{"x":0.08052525669336319,"y":-0.4361650347709656,"z":-0.03922624886035919,"w":-0.8954165577888489},"size":1.1245872974395753,"orthographic":false}