{"cameraMode":{"drawMode":0,"name":"Shaded","section":"Shading Mode"},"sceneLighting":true,"audioPlay":false,"sceneViewState":{"m_AlwaysRefresh":false,"showFog":true,"showSkybox":true,"showFlares":true,"showImageEffects":true,"showParticleSystems":true,"showVisualEffectGraphs":true,"m_FxEnabled":true},"in2DMode":false,"pivot":{"x":32.76681137084961,"y":0.1329498291015625,"z":37.01381301879883},"rotation":{"x":0.42648953199386599,"y":-0.30591195821762087,"z":0.15589481592178346,"w":0.8368980288505554},"size":5.2168169021606449,"orthographic":false}